id,name,model_id:id,group_id:id,perm_read,perm_write,perm_create,perm_unlink
access_account_payment_counterpart_line_all,access_account_payment_counterpart_line_all,model_account_payment_counterpart_line,,1,0,0,0
access_account_payment_counterpart_line_group_account_invoice,access_account_payment_counterpart_line_group_account_invoice,model_account_payment_counterpart_line,account.group_account_invoice,1,1,1,1
access_account_payment_counterpart_line_group_account_user,access_account_payment_counterpart_line_group_account_user,model_account_payment_counterpart_line,account.group_account_user,1,1,1,1
access_account_payment_counterpart_line_group_account_manager,access_account_payment_counterpart_line_group_account_manager,model_account_payment_counterpart_line,account.group_account_manager,1,1,1,1
