<?xml version="1.0" encoding="utf-8" ?>
<!-- Copyright 2015 Tecnativa - Pedro M. Baeza
     Copyright 2015 Tecnativa - Sergio Teruel
     Copyright 2016 Tecnativa - Carlos Dauden
     License AGPL-3.0 or later (http://www.gnu.org/licenses/agpl-3). -->
<odoo noupdate="1">
    <record id="seq_payment_return" model="ir.sequence">
        <field name="name">Payment return</field>
        <field name="code">payment.return</field>
        <field name="prefix">R%(year)s/</field>
        <field name="padding">3</field>
        <field name="company_id" eval="False" />
    </record>
</odoo>
